date,place_name,race_num,race_type_detail,race_title_full,bank_length,distance,start_time,payout_yen,payout_pop,line_prediction,url,place_code,round,race_type,car_count,c1_existence,c1_name,c1_area,c1_age,c1_grad,c1_class,c1_leg,c1_score,c1_win,c1_2ren,c1_b,c1_rank,c2_existence,c2_name,c2_area,c2_age,c2_grad,c2_class,c2_leg,c2_score,c2_win,c2_2ren,c2_b,c2_rank,c3_existence,c3_name,c3_area,c3_age,c3_grad,c3_class,c3_leg,c3_score,c3_win,c3_2ren,c3_b,c3_rank,c4_existence,c4_name,c4_area,c4_age,c4_grad,c4_class,c4_leg,c4_score,c4_win,c4_2ren,c4_b,c4_rank,c5_existence,c5_name,c5_area,c5_age,c5_grad,c5_class,c5_leg,c5_score,c5_win,c5_2ren,c5_b,c5_rank,c6_existence,c6_name,c6_area,c6_age,c6_grad,c6_class,c6_leg,c6_score,c6_win,c6_2ren,c6_b,c6_rank,c7_existence,c7_name,c7_area,c7_age,c7_grad,c7_class,c7_leg,c7_score,c7_win,c7_2ren,c7_b,c7_rank
2026-03-11,武雄,02,P2-A12,武雄競輪 レース詳細 | ＣＴＣなら３分前まで買える杯 2R Ａ級一般 | 2026年03月11日【楽天Kドリームス】,400,2025,09:10,0,0,← 2自在 4追込 | 1追上 | 5自在 | 7押え先 3追込 6追込,https://keirin.kdreams.jp/takeo/racedetail/8420260309030002/,84,一般,P2,7,1,守安 政雄,岡山,47,94,A2,追,85.95,8.3,33.3,0,0,1,湯浅 大輔,千葉,40,96,A2,逃,76.55,11.1,14.8,4,0,1,園田 鉄兵,熊本,42,93,A2,追,83.26,5.0,25.0,0,0,1,本田 拓也,新潟,43,92,A2,追,77.10,0.0,0.0,0,0,1,國村 洋,山口,48,80,A1,追,87.00,13.0,39.1,0,0,1,渡邊 恭典,栃木,52,75,A2,追,76.33,0.0,11.1,0,0,1,吉成 貴博,熊本,37,97,A2,追,81.19,3.8,3.8,0,0
2026-03-11,武雄,07,P2-A12,武雄競輪 レース詳細 | ＣＴＣなら３分前まで買える杯 7R Ａ級決勝 | 2026年03月11日【楽天Kドリームス】,400,2025,10:55,0,0,← 4先行 1追込 6追込 | 2押え先 5追込 | 3押え先 7追込,https://keirin.kdreams.jp/takeo/racedetail/8420260309030007/,84,決勝,P2,7,1,小川 賢人,福岡,40,103,A1,両,93.50,11.7,17.6,1,2,1,矢部 駿人,岡山,27,121,A1,逃,91.85,33.3,52.3,16,0,1,滝本 幸正,新潟,27,121,A1,逃,95.40,50.0,80.0,8,0,1,松本 憲斗,熊本,29,119,A1,逃,93.73,40.0,46.6,2,0,1,小林 則之,静岡,50,85,A1,両,94.31,15.7,31.5,5,2,1,島村 匠,福岡,29,111,A1,両,90.66,16.6,38.8,0,0,1,岡 光良,埼玉,44,94,A1,追,93.60,4.1,25.0,0,2
2026-03-11,いわき平,11,P2-A12,いわき平競輪 レース詳細 | 名輪会Ｃ・阿部道杯・スポニチ杯 11R Ａ級決勝 | 2026年03月11日【楽天Kドリームス】,400,2025,20:02,0,0,← 1先行 7追込 | 3追上 | 5自在 2追込 | 6押え先 4追込,https://keirin.kdreams.jp/iwakitaira/racedetail/1320260309030011/,13,決勝,P2,7,1,五十嵐 綾,福島,25,121,A1,逃,97.22,27.7,38.8,7,0,1,篠原 忍,愛知,43,91,A1,両,92.84,16.0,28.0,0,0,1,中田 健太,埼玉,35,99,A1,追,99.50,33.3,79.1,0,0,1,白戸 淳太郎,神奈川,52,74,A1,追,94.52,14.2,38.0,0,1,1,伊藤 稔真,三重,29,111,A1,両,97.75,50.0,60.0,0,2,1,山下 祐輔,千葉,24,125,A2,逃,88.66,27.7,50.0,12,0,1,三澤 康人,宮城,41,91,A1,追,91.77,27.2,45.4,0,3
2026-03-11,静岡,02,P2-Chal,静岡競輪 レース詳細 | ＣＴＣなら３分前まで買える杯 2R チャレンジ一般 | 2026年03月11日【楽天Kドリームス】,400,1625,16:24,0,0,← 5先行 1追込 4追込 | 2追上 7追込 | 3追上 | 6追上,https://keirin.kdreams.jp/shizuoka/racedetail/3820260310020002/,38,一般,P2,7,1,三澤 勝成,宮城,48,83,A3,追,67.20,3.2,12.9,0,0,1,山中 貴雄,愛知,49,79,A3,追,70.78,4.3,26.0,0,5,1,西郷 剛,兵庫,56,69,A3,追,66.00,0.0,0.0,0,0,1,志村 正洋,神奈川,51,77,A3,追,67.66,0.0,6.6,0,0,1,三浦 綾,宮城,34,105,A3,逃,68.51,0.0,14.8,9,0,1,鈴木 龍之介,栃木,47,81,A3,追,61.45,0.0,0.0,0,0,1,柳澤 達也,兵庫,53,72,A3,追,69.33,5.2,5.2,0,0
2026-03-11,静岡,11,P2-A12,静岡競輪 レース詳細 | ＣＴＣなら３分前まで買える杯 11R Ａ級準決勝 | 2026年03月11日【楽天Kドリームス】,400,2025,20:16,0,0,← 2先行 6追込 | 7自在 1追込 | 3押え先 4追込 5追込,https://keirin.kdreams.jp/shizuoka/racedetail/3820260310020011/,38,決勝,P2,7,1,伊藤 奎,福島,27,115,A1,追,90.76,19.0,28.5,0,0,1,川村 峻輝,京都,24,127,A2,逃,80.04,75.0,79.1,19,1,1,小西 晴己,三重,24,121,A1,両,97.07,61.5,69.2,5,0,1,小浦 凪,岐阜,26,117,A1,両,83.96,13.7,24.1,3,4,1,田中 秀治,岐阜,48,82,A2,追,86.31,8.6,21.7,0,0,1,窪田 陽介,滋賀,41,90,A2,追,79.16,0.0,4.1,0,0,1,田原 宥明,北海道,35,105,A1,両,82.88,18.5,37.0,14,0
2026-03-11,豊橋,07,P1,豊橋競輪 レース詳細 | ＷＩＮＴＩＣＫＥＴ杯 7R Ａ級準決勝 | 2026年03月11日【楽天Kドリームス】,400,1625,22:40,0,0,-,https://keirin.kdreams.jp/toyohashi/racedetail/4520260310020007/,45,決勝,P1,7,1,阿久津 修,栃木,45,88,A1,追,91.53,3.7,14.8,0,0,1,上川 直紀,栃木,29,117,A1,両,90.50,33.3,54.1,5,0,1,常次 勇人,大阪,24,121,A1,逃,89.13,10.3,17.2,12,0,1,徳丸 泰教,兵庫,40,95,A1,追,89.00,5.8,41.1,0,0,1,福田 真平,愛知,38,113,A1,追,87.57,19.0,33.3,0,0,1,松田 優一,茨城,40,90,A2,追,86.68,20.0,36.0,0,0,1,下岡 優季,愛知,36,105,A2,逃,83.10,6.6,26.6,17,0
2026-03-11,静岡,09,P2-A12,静岡競輪 レース詳細 | ＣＴＣなら３分前まで買える杯 9R Ａ級準決勝 | 2026年03月11日【楽天Kドリームス】,400,2025,19:20,0,0,← 1先行 7追込 | 2押え先 4追込 6追込 | 5押え先 3追込,https://keirin.kdreams.jp/shizuoka/racedetail/3820260310020009/,38,決勝,P2,7,1,岩辺 陸,静岡,21,127,A2,逃,86.42,71.4,76.1,18,0,1,谷口 友真,大阪,36,109,A1,逃,88.20,20.8,37.5,5,0,1,原田 泰志,新潟,39,91,A1,追,86.77,0.0,44.4,0,0,1,川木 敬大,兵庫,47,84,A1,追,83.34,0.0,21.7,0,3,1,小榑 佑弥,群馬,26,121,A1,逃,91.33,20.0,40.0,2,3,1,深見 仁哉,愛知,43,91,A2,追,80.41,8.3,16.6,0,2,1,飯尾 主税,静岡,47,81,A1,追,87.81,18.5,37.0,0,0
2026-03-11,宇都宮,02,P2-Chal,宇都宮競輪 レース詳細 | 下野新聞社杯 2R チャレンジ一般 | 2026年03月11日【楽天Kドリームス】,400,1625,11:45,0,0,← 2先行 4追込 7追込 | 1自在 5追込 | 3自在 6追込,https://keirin.kdreams.jp/utsunomiya/racedetail/2420260309020102/,24,一般,P2,7,1,里見 恒平,千葉,49,99,A3,逃,72.81,18.7,40.6,1,0,1,大室 翔,岡山,34,107,A3,逃,70.68,25.0,31.2,2,0,1,矢田 晋,福岡,47,94,A3,両,70.90,4.7,19.0,4,0,1,井山 和裕,山口,47,84,A3,追,69.45,10.0,35.0,0,0,1,藤田 和彦,神奈川,55,63,A3,追,68.85,11.1,22.2,0,0,1,南 和夫,福岡,50,82,A3,追,67.72,0.0,9.0,0,0,1,武智 尚之,愛媛,54,70,A3,追,68.42,5.2,15.7,0,0
2026-03-11,静岡,05,P3,静岡競輪 レース詳細 | ＣＴＣなら３分前まで買える杯 5R ガールズ予選２ | 2026年03月11日【楽天Kドリームス】,400,1625,17:40,0,0,← 2先行 | 1自在 | 3自在 | 5追上 | 7自在 | 4自在 | 6追上,https://keirin.kdreams.jp/shizuoka/racedetail/3820260310020005/,38,予選,P3,7,1,中原 恭恵,広島,39,126,L1,両,46.33,0.0,4.7,1,0,1,加瀬 加奈子,新潟,45,102,L1,逃,48.70,0.0,16.6,12,0,1,永禮 美瑠,愛知,25,118,L1,両,52.55,18.5,37.0,8,0,1,清水 彩那,静岡,27,116,L1,両,50.87,8.3,20.8,4,0,1,浦部 郁里,千葉,39,102,L1,追,46.17,0.0,0.0,0,0,1,田中 千尋,愛知,28,114,L1,両,47.19,0.0,4.7,0,0,1,高橋 梨香,埼玉,46,106,L1,両,53.03,7.1,28.5,1,0
2026-03-11,静岡,01,P2-Chal,静岡競輪 レース詳細 | ＣＴＣなら３分前まで買える杯 1R チャレンジ一般 | 2026年03月11日【楽天Kドリームス】,400,1625,16:00,0,0,← 1自在 4追込 5追込 | 3追上 | 7押え先 2追込 6追込,https://keirin.kdreams.jp/shizuoka/racedetail/3820260310020001/,38,一般,P2,7,1,永橋 武司,大阪,43,90,A3,両,68.77,16.6,22.2,0,0,1,吉橋 秀城,埼玉,47,85,A3,追,69.95,0.0,20.0,0,0,1,戸ノ下 太郎,千葉,49,76,A3,追,66.76,3.8,7.6,1,0,1,服部 竜二,愛知,54,76,A3,追,74.84,5.0,25.0,0,0,1,古田 義明,三重,52,79,A3,追,67.81,0.0,21.4,0,0,1,中山 善仁,新潟,52,73,A3,追,65.29,3.7,7.4,0,0,1,浦山 一栄,東京,54,72,A3,両,67.68,15.7,26.3,7,0
2026-03-11,小松島,07,P3,小松島競輪 レース詳細 | 日本名輪会カップ 吉田実記念杯 7R ガールズ予選２ | 2026年03月11日【楽天Kドリームス】,400,1625,13:44,0,0,← 2自在 | 1自在 | 4自在 | 5自在 | 3カマシ | 6自在 | 7追上,https://keirin.kdreams.jp/komatsushima/racedetail/7320260310020007/,73,予選,P3,7,1,比嘉 真梨代,沖縄,37,114,L1,追,48.88,0.0,5.8,0,0,1,磯村 光舞,山口,21,126,L1,両,52.09,9.0,24.2,7,0,1,尾崎 睦,神奈川,40,108,L1,両,57.12,62.5,100.0,5,0,1,青木 美保,埼玉,28,118,L1,両,53.80,19.0,38.0,7,0,1,近澤 諒香,三重,25,118,L1,両,46.22,0.0,0.0,0,2,1,安東 莉奈,大分,24,122,L1,追,51.85,0.0,23.8,0,0,1,野寺 梓,静岡,25,126,L1,追,47.06,0.0,0.0,0,0
2026-03-11,宇都宮,10,P2-A12,宇都宮競輪 レース詳細 | 下野新聞社杯 10R Ａ級準決勝 | 2026年03月11日【楽天Kドリームス】,400,2025,15:21,0,0,← 1先行 7追込 5追込 | 4押え先 2追込 3追込 | 6自在,https://keirin.kdreams.jp/utsunomiya/racedetail/2420260309020110/,24,決勝,P2,7,1,坪内 恒,千葉,34,123,A1,逃,92.27,42.1,57.8,11,0,1,青井 賢治,徳島,49,81,A1,追,93.61,7.6,26.9,1,0,1,阿部 兼士,福岡,42,93,A2,追,87.18,17.3,47.8,0,0,1,多田 晃紀,岡山,32,103,A1,逃,89.54,31.8,45.4,10,0,1,渋谷 錬,神奈川,35,103,A2,追,84.57,0.0,14.2,0,2,1,佐々木 孝司,青森,46,84,A2,逃,79.55,11.1,14.8,10,2,1,巴 直也,神奈川,37,101,A1,追,89.77,27.7,50.0,0,0
2026-03-11,豊橋,08,P1,豊橋競輪 レース詳細 | ＷＩＮＴＩＣＫＥＴ杯 8R Ａ級準決勝 | 2026年03月11日【楽天Kドリームス】,400,1625,23:00,0,0,-,https://keirin.kdreams.jp/toyohashi/racedetail/4520260310020008/,45,決勝,P1,7,1,能代谷 元,神奈川,37,111,A1,両,92.33,12.5,25.0,1,0,1,吉田 健市,愛知,48,87,A1,追,90.50,8.3,16.6,0,0,1,重倉 高史,富山,40,95,A1,両,88.22,0.0,5.5,4,0,1,筒井 裕哉,兵庫,44,89,A1,追,87.37,11.7,23.5,0,0,1,高橋 泰裕,埼玉,41,107,A1,追,87.00,4.1,25.0,0,0,1,市村 昌樹,兵庫,35,103,A1,両,86.58,12.5,37.5,2,0,1,鳥越 靖弘,愛知,50,77,A1,追,83.80,15.3,30.7,0,0
2026-03-11,いわき平,04,P2-A12,いわき平競輪 レース詳細 | 名輪会Ｃ・阿部道杯・スポニチ杯 4R Ａ級特選 | 2026年03月11日【楽天Kドリームス】,400,2025,17:04,0,0,← 1先行 5追込 | 2自在 4追込 6追込 | 7押え先 3追込,https://keirin.kdreams.jp/iwakitaira/racedetail/1320260309030004/,13,特選,P2,7,1,山崎 航,山口,30,119,A1,逃,88.45,25.0,50.0,14,0,1,白上 翔,滋賀,37,95,A1,両,83.55,5.5,5.5,1,0,1,須藤 直道,群馬,54,68,A1,追,84.45,20.8,25.0,0,0,1,善利 裕生,滋賀,48,82,A1,両,84.65,19.2,30.7,4,0,1,佐竹 和也,徳島,46,83,A1,追,91.84,0.0,30.7,0,0,1,木本 賢二,大阪,53,69,A2,追,83.41,0.0,22.2,0,2,1,宮下 一歩,長野,33,115,A1,逃,86.93,20.0,36.6,23,3
2026-03-11,豊橋,09,P1,豊橋競輪 レース詳細 | ＷＩＮＴＩＣＫＥＴ杯 9R Ａ級準決勝 | 2026年03月11日【楽天Kドリームス】,400,1625,23:20,0,0,-,https://keirin.kdreams.jp/toyohashi/racedetail/4520260310020009/,45,決勝,P1,7,1,中村 龍吉,福島,25,125,A2,逃,94.25,66.6,87.5,15,0,1,吉村 和之,岐阜,48,80,A1,追,92.48,14.8,37.0,0,1,1,山田 義彦,埼玉,39,92,A1,両,89.80,4.7,52.3,0,0,1,平石 浩之,茨城,48,87,A1,追,86.81,14.2,32.1,0,0,1,奥出 良,石川,32,109,A2,逃,84.83,4.0,24.0,7,3,1,須賀 和彦,茨城,41,89,A2,追,84.63,10.5,15.7,0,0,1,篠塚 光一,兵庫,45,90,A2,追,83.83,4.1,20.8,0,0
2026-03-11,宇都宮,04,P2-Chal,宇都宮競輪 レース詳細 | 下野新聞社杯 4R チャレンジ準決勝 | 2026年03月11日【楽天Kドリームス】,400,1625,12:33,0,0,← 4先行 7追込 2追込 | 3追上 | 5押え先 1追込 6追込,https://keirin.kdreams.jp/utsunomiya/racedetail/2420260309020104/,24,決勝,P2,7,1,村本 慎吾,静岡,44,94,A3,追,73.38,4.7,47.6,0,0,1,齋藤 昌太,栃木,39,93,A3,追,69.79,12.5,29.1,0,2,1,桂馬 将人,福島,43,89,A3,両,70.73,13.3,26.6,0,1,1,木村 優駿,埼玉,20,127,A3,逃,78.33,55.5,81.4,21,0,1,下山 聖斗,鹿児島,24,127,A3,逃,76.00,50.0,50.0,4,0,1,柴田 健,神奈川,55,71,A3,追,69.27,5.5,22.2,0,0,1,早坂 道義,栃木,46,88,A3,追,71.79,4.1,12.5,0,3
2026-03-11,いわき平,05,P3,いわき平競輪 レース詳細 | 名輪会Ｃ・阿部道杯・スポニチ杯 5R ガールズ一般 | 2026年03月11日【楽天Kドリームス】,400,1625,17:28,0,0,← 2自在 | 1自在 | 3自在 | 4自在 | 7自在 | 5自在 | 6自在,https://keirin.kdreams.jp/iwakitaira/racedetail/1320260309030005/,13,一般,P3,7,1,佐藤 乃愛,北海道,22,126,L1,両,46.41,0.0,8.3,1,0,1,成海 綾香,沖縄,25,128,L1,両,45.76,4.7,4.7,0,0,1,中嶋 里美,愛知,35,110,L1,両,49.69,7.6,7.6,1,0,1,枝光 美奈,福岡,28,124,L1,両,50.22,0.0,18.5,0,0,1,萩原 瑞生,群馬,30,122,L1,追,45.66,0.0,0.0,2,0,1,浜地 晴帆,三重,24,122,L1,両,46.16,0.0,8.3,0,0,1,西田 美菜,奈良,27,128,L1,両,47.61,0.0,11.1,1,0
2026-03-11,高知,03,P1,高知競輪 レース詳細 | おトクにＰＬＡＹオッズパーク杯 3R チャレンジ準決勝 | 2026年03月11日【楽天Kドリームス】,500,2025,21:30,0,0,-,https://keirin.kdreams.jp/kochi/racedetail/7420260310020003/,74,決勝,P1,7,1,亀谷 隆一,神奈川,39,92,A3,追,75.06,16.6,40.0,1,0,1,中野 良,北海道,50,83,A3,追,74.23,20.0,36.6,0,0,1,伊藤 翼,神奈川,40,94,A3,両,71.00,44.0,48.0,4,0,1,宮本 龍一,福岡,39,92,A3,両,70.27,16.6,33.3,1,0,1,茂木 和臣,埼玉,56,63,A3,追,69.41,8.3,20.8,0,0,1,土居 佑次,高知,28,113,A3,逃,68.25,22.2,25.9,6,0,1,廣川 貞治,東京,58,61,A3,追,68.14,7.4,14.8,0,0
2026-03-11,静岡,04,P2-Chal,静岡競輪 レース詳細 | ＣＴＣなら３分前まで買える杯 4R チャレンジ準決勝 | 2026年03月11日【楽天Kドリームス】,400,1625,17:16,0,0,← 7先行 2追込 6追込 | 4押え先 1追込 | 3押え先 5追込,https://keirin.kdreams.jp/shizuoka/racedetail/3820260310020004/,38,決勝,P2,7,1,薮 謙治,京都,48,83,A3,追,75.50,11.1,33.3,0,0,1,大薗 宏,茨城,52,71,A3,追,71.85,22.2,29.6,0,0,1,國井 裕樹,神奈川,41,113,A3,逃,72.50,22.2,50.0,8,1,1,土生 智徳,大阪,29,127,A3,逃,77.53,50.0,83.3,17,0,1,真船 拓磨,福島,40,96,A3,追,68.16,8.3,16.6,1,2,1,高森 圭介,栃木,48,83,A3,追,68.08,8.3,20.8,0,0,1,織茂 雄一郎,山梨,28,125,A3,両,75.54,9.0,18.1,2,0
2026-03-11,静岡,10,P2-A12,静岡競輪 レース詳細 | ＣＴＣなら３分前まで買える杯 10R Ａ級準決勝 | 2026年03月11日【楽天Kドリームス】,400,2025,19:48,0,0,← 5先行 2追込 6追込 | 1押え先 4追込 | 3押え先 7追込,https://keirin.kdreams.jp/shizuoka/racedetail/3820260310020010/,38,決勝,P2,7,1,森崎 英登,愛知,26,125,A2,逃,84.86,27.2,50.0,16,0,1,関根 健太郎,神奈川,35,100,A1,両,90.66,5.5,44.4,4,0,1,仲野 結音,大阪,26,117,A1,逃,95.66,55.5,66.6,9,0,1,伊藤 健詞,石川,55,68,A1,追,84.85,0.0,28.5,0,2,1,中島 淳,埼玉,26,125,A2,逃,86.93,26.6,40.0,11,0,1,上野 真吾,神奈川,38,93,A2,追,82.44,0.0,11.1,0,4,1,高間 悠平,福井,38,95,A1,追,93.77,4.5,36.3,0,0
2026-03-11,静岡,08,P2-A12,静岡競輪 レース詳細 | ＣＴＣなら３分前まで買える杯 8R Ａ級特一般 | 2026年03月11日【楽天Kドリームス】,400,2025,18:54,0,0,← 5先行 2追込 | 6押え先 7追込 1追込 | 4自在 3追込,https://keirin.kdreams.jp/shizuoka/racedetail/3820260310020008/,38,一般,P2,7,1,若林 耕司,群馬,45,87,A2,追,80.19,7.6,15.3,0,0,1,大泉 英則,宮城,45,89,A2,追,80.42,9.5,9.5,0,0,1,櫻川 雅彦,千葉,41,99,A2,追,81.34,10.0,10.0,0,0,1,三ッ井 武,神奈川,40,96,A1,追,84.08,16.6,20.8,0,0,1,佐々木 祐太,岩手,25,123,A1,逃,85.33,33.3,38.0,8,0,1,舘 真成,茨城,38,98,A2,両,79.90,38.0,42.8,3,0,1,渡邉 高志,栃木,48,84,A2,追,82.18,9.0,27.2,0,0
2026-03-11,高知,06,P1,高知競輪 レース詳細 | おトクにＰＬＡＹオッズパーク杯 6R Ａ級特一般 | 2026年03月11日【楽天Kドリームス】,500,2025,22:30,0,0,-,https://keirin.kdreams.jp/kochi/racedetail/7420260310020006/,74,一般,P1,7,1,渡辺 航平,東京,48,79,A1,追,88.59,3.7,25.9,0,0,1,宇賀神 浩幸,栃木,51,73,A2,追,83.14,0.0,14.2,0,0,1,増田 仁,広島,40,113,A2,逃,82.96,16.6,23.3,16,0,1,廣田 樹里,熊本,45,89,A2,両,82.20,16.0,28.0,4,0,1,高橋 健太,静岡,48,80,A2,追,80.73,6.6,6.6,0,0,1,安部 龍文,大分,41,94,A2,追,76.95,4.1,12.5,0,0,1,内田 淳,千葉,33,111,A2,逃,75.83,0.0,8.3,2,0
2026-03-11,宇都宮,06,P3,宇都宮競輪 レース詳細 | 下野新聞社杯 6R ガールズ予選２ | 2026年03月11日【楽天Kドリームス】,400,1625,13:27,0,0,← 2自在 | 1自在 | 4自在 | 5自在 | 3追上 | 6自在 | 7追上,https://keirin.kdreams.jp/utsunomiya/racedetail/2420260309020106/,24,予選,P3,7,1,熊谷 碩子,東京,28,124,L1,追,47.05,0.0,11.1,0,0,1,中村 鈴花,熊本,24,120,L1,追,47.53,0.0,0.0,0,1,1,藤原 亜衣里,新潟,45,102,L1,追,45.66,0.0,0.0,0,0,1,中島 瞳,埼玉,21,126,L1,両,51.61,5.2,26.3,1,0,1,那須 萌美,宮崎,35,114,L1,両,55.77,62.9,74.0,1,0,1,谷元 音羽,鹿児島,22,124,L1,両,47.58,8.3,16.6,1,0,1,國村 美留莉,山口,26,118,L1,追,52.05,5.5,11.1,0,0
2026-03-11,小松島,09,P2-S,小松島競輪 レース詳細 | 日本名輪会カップ 吉田実記念杯 9R Ｓ級一般 | 2026年03月11日【楽天Kドリームス】,400,2025,14:40,0,0,← 5先行 2追込 | 3自在 6追込 | 1押え先 7追込 4追込,https://keirin.kdreams.jp/komatsushima/racedetail/7320260310020009/,73,一般,P2,7,1,竹内 翼,広島,34,109,S2,逃,97.52,16.0,24.0,8,5,1,稲垣 裕之,京都,48,86,S2,両,97.32,0.0,23.0,0,0,1,原 大智,宮城,29,117,S2,逃,98.82,17.3,30.4,1,0,1,室井 竜二,徳島,55,65,S2,追,94.20,0.0,4.0,0,0,1,土生 敦弘,大阪,27,117,S2,逃,101.89,20.6,37.9,5,0,1,金澤 幸司,福島,40,91,S2,追,91.46,0.0,7.1,0,0,1,高原 仁志,徳島,45,85,S2,追,98.00,0.0,0.0,0,0
2026-03-11,小松島,03,P2-A12,小松島競輪 レース詳細 | 日本名輪会カップ 吉田実記念杯 3R Ａ級準決勝 | 2026年03月11日【楽天Kドリームス】,400,2025,11:55,0,0,← 4自在 3追込 6追込 | 1自在 5追込 | 7押え先 2追込,https://keirin.kdreams.jp/komatsushima/racedetail/7320260310020003/,73,決勝,P2,7,1,山口 聖矢,岐阜,32,115,A1,両,89.50,18.7,50.0,0,0,1,梶原 恵介,大分,43,92,A1,追,89.81,11.1,44.4,0,0,1,長井 妙樹,東京,37,96,A1,追,94.34,22.2,29.6,2,0,1,吉田 元輝,茨城,39,100,A2,両,83.80,16.0,24.0,2,0,1,内山 貴裕,京都,37,95,A1,追,89.26,20.0,40.0,0,0,1,樋口 瑛土,東京,34,109,A2,追,82.87,8.3,16.6,0,2,1,林 昴,福岡,24,119,A1,逃,88.80,20.0,33.3,6,3
2026-03-11,宇都宮,03,P2-Chal,宇都宮競輪 レース詳細 | 下野新聞社杯 3R チャレンジ準決勝 | 2026年03月11日【楽天Kドリームス】,400,1625,12:09,0,0,← 2自在 4追込 | 7追上 | 5押え先 1追込 3追込 6追込,https://keirin.kdreams.jp/utsunomiya/racedetail/2420260309020103/,24,決勝,P2,7,1,細田 純平,広島,36,99,A3,両,70.86,18.1,27.2,3,0,1,田村 純一,福島,39,92,A3,両,74.42,19.0,28.5,2,0,1,樋口 絢土,東京,37,96,A3,追,76.41,16.6,37.5,0,0,1,亀井 道佳,宮城,48,83,A3,追,70.47,4.7,19.0,0,0,1,川西 康彦,徳島,22,127,A3,逃,76.00,37.5,50.0,9,0,1,小林 高志,東京,52,79,A3,追,66.19,0.0,4.7,0,0,1,石川 一浩,静岡,59,57,A3,追,70.26,3.8,15.3,0,2
2026-03-11,宇都宮,08,P2-A12,宇都宮競輪 レース詳細 | 下野新聞社杯 8R Ａ級特一般 | 2026年03月11日【楽天Kドリームス】,400,2025,14:21,0,0,← 5先行 3追込 2追込 | 7追上 | 6押え先 1追込 4追込,https://keirin.kdreams.jp/utsunomiya/racedetail/2420260309020108/,24,一般,P2,7,1,黒田 篤,栃木,46,88,A2,追,84.73,15.7,36.8,0,0,1,井上 剛,岡山,46,85,A2,追,82.59,0.0,9.0,0,0,1,安藤 宜明,神奈川,55,74,A2,追,80.28,0.0,4.7,0,0,1,根本 雄紀,茨城,48,80,A1,追,86.37,3.7,33.3,0,0,1,志佐 明,神奈川,36,107,A1,両,87.66,19.0,38.0,3,0,1,舟山 佑京,新潟,28,113,A2,逃,79.00,0.0,4.7,6,0,1,内藤 敦,岡山,49,80,A1,追,81.50,4.1,12.5,0,0
2026-03-11,武雄,06,P2-A12,武雄競輪 レース詳細 | ＣＴＣなら３分前まで買える杯 6R Ａ級特選 | 2026年03月11日【楽天Kドリームス】,400,2025,10:34,0,0,← 5先行 1追込 7追込 | 4押え先 2追込 | 6押え先 3追込,https://keirin.kdreams.jp/takeo/racedetail/8420260309030006/,84,特選,P2,7,1,山崎 岳志,佐賀,52,74,A2,追,82.33,9.5,19.0,0,0,1,本多 哲也,千葉,37,97,A1,両,91.96,14.2,28.5,0,0,1,大島 将人,福島,37,94,A1,追,87.14,9.5,23.8,0,0,1,金田 涼馬,神奈川,27,119,A1,逃,85.66,16.6,37.5,14,0,1,一ノ瀬 匠,佐賀,38,92,A1,逃,86.85,32.1,53.5,15,0,1,照井 力斗,岩手,24,121,A1,逃,80.26,13.3,26.6,4,0,1,片折 勇輝,福岡,41,95,A2,両,80.50,16.6,38.8,3,4
2026-03-11,小松島,02,P2-A12,小松島競輪 レース詳細 | 日本名輪会カップ 吉田実記念杯 2R Ａ級一般 | 2026年03月11日【楽天Kドリームス】,400,2025,11:29,0,0,← 4自在 2追込 | 1押え先 7追込 5追込 | 3押え先 6追込,https://keirin.kdreams.jp/komatsushima/racedetail/7320260310020002/,73,一般,P2,7,1,野上 竜太,岡山,30,115,A1,逃,81.38,3.8,26.9,13,0,1,富安 保充,愛知,43,91,A2,追,79.90,5.0,35.0,1,0,1,吉竹 尚城,静岡,32,109,A1,逃,88.00,22.2,40.7,16,0,1,岩城 佑典,愛知,26,119,A2,逃,83.00,4.1,16.6,2,0,1,萱島 大介,大分,46,99,A1,追,82.76,0.0,7.1,0,0,1,及川 裕奨,岩手,44,86,A2,追,79.70,0.0,14.8,0,0,1,川口 秀人,徳島,59,57,A2,追,80.52,0.0,5.2,0,0
2026-03-11,いわき平,01,P2-A12,いわき平競輪 レース詳細 | 名輪会Ｃ・阿部道杯・スポニチ杯 1R Ａ級一般 | 2026年03月11日【楽天Kドリームス】,400,2025,15:46,0,0,← 7先行 1追込 | 5押え先 2追込 4追込 | 3自在 | 6追上,https://keirin.kdreams.jp/iwakitaira/racedetail/1320260309030001/,13,一般,P2,7,1,相樂 修,千葉,52,78,A2,両,76.94,5.8,5.8,1,0,1,山中 崇弘,高知,30,113,A2,追,82.87,12.5,31.2,0,0,1,菅田 和宏,宮城,43,88,A2,逃,83.62,12.5,33.3,8,0,1,光畑 政志,岡山,46,84,A2,追,78.25,0.0,0.0,0,0,1,江端 隆司,福井,33,103,A2,逃,82.90,19.0,28.5,6,0,1,中山 敬太郎,熊本,36,100,A2,追,71.31,0.0,0.0,0,0,1,山本 天平,千葉,28,125,A2,逃,79.76,13.3,36.6,17,0
2026-03-11,高知,08,P1,高知競輪 レース詳細 | おトクにＰＬＡＹオッズパーク杯 8R Ａ級準決勝 | 2026年03月11日【楽天Kドリームス】,500,2025,23:10,0,0,-,https://keirin.kdreams.jp/kochi/racedetail/7420260310020008/,74,決勝,P1,7,1,泉 慶輔,宮城,35,99,A1,追,95.34,12.5,33.3,0,0,1,山本 浩成,福岡,27,119,A1,逃,94.62,23.5,35.2,3,0,1,渡邉 壘,新潟,22,125,A1,逃,94.33,33.3,55.5,11,3,1,成田 健児,神奈川,51,75,A1,追,89.27,16.6,50.0,0,0,1,梅田 加津也,神奈川,32,119,A1,逃,87.28,16.0,36.0,10,0,1,田中 孝彦,静岡,39,91,A1,追,86.37,16.6,29.1,0,0,1,松本 大地,熊本,48,81,A2,追,85.72,0.0,13.6,0,4
2026-03-11,宇都宮,01,P2-Chal,宇都宮競輪 レース詳細 | 下野新聞社杯 1R チャレンジ一般 | 2026年03月11日【楽天Kドリームス】,400,1625,11:21,0,0,← 1自在 7追込 | 4自在 2追込 | 5押え先 3追込 | 6追上,https://keirin.kdreams.jp/utsunomiya/racedetail/2420260309020101/,24,一般,P2,7,1,齋藤 和也,福島,51,78,A3,追,68.53,6.6,13.3,4,0,1,鈴木 広人,神奈川,42,99,A3,両,72.89,10.3,34.4,1,0,1,横瀬 聡,福岡,54,69,A3,追,67.92,12.0,20.0,0,0,1,河野 淳吾,神奈川,43,99,A3,追,76.12,3.1,40.6,1,0,1,真崎 章徳,佐賀,30,113,A3,逃,68.05,15.7,26.3,5,0,1,取鳥 敬一,岡山,54,69,A3,追,64.81,4.5,4.5,0,0,1,阿部 利光,宮城,51,77,A3,追,68.62,0.0,18.5,0,0
2026-03-11,いわき平,12,P1,いわき平競輪 レース詳細 | 名輪会Ｃ・阿部道杯・スポニチ杯 12R Ｓ級決勝 | 2026年03月11日【楽天Kドリームス】,400,1625,20:30,0,0,← 4先行 7追込 1追込 | 2押え先 5追込 | 6自在 3追込,https://keirin.kdreams.jp/iwakitaira/racedetail/1320260309030012/,13,決勝,P1,7,1,和田 圭,宮城,40,92,S1,追,108.43,25.0,41.6,0,0,1,皿屋 豊,三重,43,111,S1,両,107.90,22.7,36.3,5,0,1,井上 昌己,長崎,46,86,S1,追,107.90,40.9,59.0,0,0,1,青野 将大,神奈川,31,117,S1,逃,108.37,44.0,60.0,7,0,1,椎木尾 拓哉,和歌山,40,93,S1,追,107.77,7.1,25.0,0,0,1,瀬戸 晋作,長崎,32,107,S1,両,99.45,15.0,30.0,1,0,1,佐々木 龍,神奈川,35,109,S1,追,111.12,11.5,38.4,0,0
2026-03-11,宇都宮,11,P2-A12,宇都宮競輪 レース詳細 | 下野新聞社杯 11R Ａ級準決勝 | 2026年03月11日【楽天Kドリームス】,400,2025,15:57,0,0,← 7先行 2追込 | 4押え先 1追込 6追込 | 3押え先 5追込,https://keirin.kdreams.jp/utsunomiya/racedetail/2420260309020111/,24,決勝,P2,7,1,上田 学,愛媛,54,69,A1,追,91.66,32.0,44.0,0,0,1,木暮 安由,群馬,41,92,A1,追,95.47,16.6,22.2,1,0,1,深瀬 泰我,静岡,33,119,A1,逃,84.14,19.0,38.0,5,2,1,渋谷 海,香川,29,113,A1,逃,85.61,22.2,44.4,6,0,1,金野 俊秋,千葉,42,92,A2,両,86.57,9.5,28.5,5,0,1,内村 泰三,山口,52,72,A2,追,82.60,0.0,13.0,0,0,1,永井 哉多,東京,24,121,A1,逃,95.28,66.6,85.7,13,0
2026-03-11,いわき平,02,P2-A12,いわき平競輪 レース詳細 | 名輪会Ｃ・阿部道杯・スポニチ杯 2R Ａ級一般 | 2026年03月11日【楽天Kドリームス】,400,2025,16:16,0,0,← 4先行 2追込 5追込 | 7押え先 1追込 | 6自在 3追込,https://keirin.kdreams.jp/iwakitaira/racedetail/1320260309030002/,13,一般,P2,7,1,米嶋 賢二,長崎,51,77,A2,追,79.41,0.0,0.0,0,0,1,鈴木 誠,福島,49,84,A2,追,85.50,12.5,33.3,1,0,1,三宅 旬,岡山,48,80,A2,追,81.57,4.7,14.2,0,0,1,今井 希,埼玉,24,125,A2,逃,91.62,50.0,58.3,20,0,1,渡邊 一洋,静岡,52,72,A2,追,78.45,4.1,20.8,0,2,1,沢田 勇治,山口,36,98,A2,両,76.72,8.0,20.0,0,0,1,井寺 亮太,長崎,33,113,A2,両,79.91,4.1,8.3,2,0
2026-03-11,小松島,05,P2-A12,小松島競輪 レース詳細 | 日本名輪会カップ 吉田実記念杯 5R Ａ級準決勝 | 2026年03月11日【楽天Kドリームス】,400,2025,12:48,0,0,← 1自在 7追込 4追込 | 2自在 6追込 | 5押え先 3追込,https://keirin.kdreams.jp/komatsushima/racedetail/7320260310020005/,73,決勝,P2,7,1,富 武大,山口,28,121,A1,逃,92.16,25.0,41.6,2,0,1,坂本 匡洋,大阪,42,91,A2,追,88.34,19.2,46.1,0,0,1,高木 翔,岩手,32,105,A1,追,90.11,16.6,22.2,0,0,1,伊藤 大彦,徳島,42,89,A1,追,85.21,18.7,25.0,0,2,1,大関 祐也,千葉,31,107,A2,逃,83.68,13.7,24.1,11,0,1,西谷 岳文,京都,47,93,A2,両,83.50,4.1,25.0,0,0,1,近藤 誠二,香川,48,80,A1,追,93.33,22.2,55.5,0,2
2026-03-11,宇都宮,07,P2-A12,宇都宮競輪 レース詳細 | 下野新聞社杯 7R Ａ級特一般 | 2026年03月11日【楽天Kドリームス】,400,2025,13:54,0,0,← 6先行 4追込 2追込 5追込 | 3追上 | 1押え先 7追込,https://keirin.kdreams.jp/utsunomiya/racedetail/2420260309020107/,24,一般,P2,7,1,三浦 大輝,宮城,28,111,A2,逃,79.05,0.0,5.0,1,0,1,土屋 宏,群馬,48,83,A2,追,81.05,0.0,0.0,0,0,1,池田 浩士,佐賀,47,86,A1,追,86.79,17.2,27.5,0,5,1,福田 拓也,栃木,34,100,A1,追,91.12,36.0,48.0,3,0,1,渡邊 政幸,埼玉,43,90,A2,追,79.41,4.1,8.3,0,0,1,松田 昂己,茨城,24,123,A2,逃,78.00,0.0,0.0,1,0,1,河上 陽一,千葉,49,99,A2,両,80.96,3.7,3.7,2,0
2026-03-11,武雄,03,P2-A12,武雄競輪 レース詳細 | ＣＴＣなら３分前まで買える杯 3R Ａ級一般 | 2026年03月11日【楽天Kドリームス】,400,2025,09:31,0,0,← 1先行 4追込 6追込 3追込 | 5追上 | 2自在 7追込,https://keirin.kdreams.jp/takeo/racedetail/8420260309030003/,84,一般,P2,7,1,中西 勇,福岡,33,125,A2,逃,79.05,0.0,11.1,10,0,1,大崎 和也,青森,39,92,A1,追,86.88,3.7,29.6,0,0,1,船曳 義之,香川,49,83,A2,追,83.52,14.2,23.8,0,0,1,飯塚 直人,佐賀,35,98,A2,両,81.05,11.1,16.6,0,0,1,廣川 泰昭,愛媛,42,90,A2,追,80.95,4.7,14.2,0,0,1,永田 修一,熊本,45,90,A2,追,76.83,0.0,12.5,0,0,1,佐々木 健司,青森,51,76,A2,追,79.66,4.1,12.5,0,0
2026-03-11,宇都宮,09,P2-A12,宇都宮競輪 レース詳細 | 下野新聞社杯 9R Ａ級準決勝 | 2026年03月11日【楽天Kドリームス】,400,2025,14:51,0,0,← 1先行 4追込 2追込 | 3押え先 7追込 5追込 | 6自在,https://keirin.kdreams.jp/utsunomiya/racedetail/2420260309020109/,24,決勝,P2,7,1,磯島 康祐,青森,34,105,A1,逃,91.13,21.7,30.4,10,0,1,紫原 政文,福岡,58,61,A1,追,88.71,19.0,42.8,0,0,1,田中 和磨,岡山,29,113,A2,逃,91.41,32.0,52.0,11,0,1,岡部 芳幸,福島,55,66,A1,追,91.00,14.2,47.6,1,0,1,三好 陽一,愛媛,44,88,A2,両,84.61,14.8,18.5,1,0,1,大竹野 裕樹,鹿児島,44,88,A2,両,80.00,25.9,37.0,2,2,1,藏本 徹二,広島,31,111,A1,両,94.33,15.7,26.3,0,2
2026-03-11,いわき平,10,P3,いわき平競輪 レース詳細 | 名輪会Ｃ・阿部道杯・スポニチ杯 10R ガールズ決勝 | 2026年03月11日【楽天Kドリームス】,400,1625,19:34,0,0,← 1先行 | 3自在 | 2自在 | 6自在 | 4自在 | 7カマシ | 5追上,https://keirin.kdreams.jp/iwakitaira/racedetail/1320260309030010/,13,決勝,P3,7,1,久米 詩,静岡,26,116,L1,両,56.52,68.4,78.9,9,0,1,伊澤 茉那,千葉,29,126,L1,両,50.16,4.1,16.6,1,2,1,増茂 るるこ,東京,34,102,L1,両,51.50,8.3,16.6,0,0,1,太田 瑛美,三重,25,120,L1,両,53.37,16.6,54.1,3,2,1,三森 彩桜,福島,26,116,L1,追,51.04,0.0,20.8,0,3,1,松本 詩乃,東京,27,122,L1,両,53.45,8.3,33.3,0,0,1,岡田 優歩,和歌山,22,128,L1,両,53.68,22.7,54.5,13,0
2026-03-11,小松島,12,P2-S,小松島競輪 レース詳細 | 日本名輪会カップ 吉田実記念杯 12R Ｓ級準決勝 | 2026年03月11日【楽天Kドリームス】,400,2025,16:09,0,0,← 4先行 3追込 6追込 | 2押え先 5追込 | 1押え先 7追込,https://keirin.kdreams.jp/komatsushima/racedetail/7320260310020012/,73,決勝,P2,7,1,宮本 隼輔,熊本,31,113,S2,両,102.47,27.7,27.7,0,0,1,小川 真太郎,徳島,33,107,S1,両,0.00,0.0,0.0,0,0,1,諸橋 愛,新潟,48,79,S1,追,108.95,9.5,33.3,0,0,1,堀江 省吾,長野,29,119,S2,逃,105.90,5.0,50.0,13,0,1,香川 雄介,香川,51,76,S1,追,107.13,9.0,22.7,0,0,1,佐藤 雅春,宮城,38,94,S2,追,97.18,0.0,7.4,0,0,1,山口 貴弘,佐賀,42,92,S2,追,100.76,3.8,26.9,0,0
2026-03-11,豊橋,05,P1,豊橋競輪 レース詳細 | ＷＩＮＴＩＣＫＥＴ杯 5R Ａ級選抜 | 2026年03月11日【楽天Kドリームス】,400,1625,22:00,0,0,-,https://keirin.kdreams.jp/toyohashi/racedetail/4520260310020005/,45,選抜,P1,7,1,植草 亮介,千葉,41,90,A1,追,86.59,9.3,37.5,1,0,1,寺林 正秋,宮城,41,93,A1,追,84.33,0.0,16.6,0,0,1,永井 清史,岐阜,42,88,A2,両,83.72,5.5,27.7,0,0,1,成清 謙二郎,千葉,42,90,A2,追,83.60,0.0,12.5,0,0,1,金子 兼久,宮城,48,81,A2,追,82.77,3.7,18.5,0,0,1,小川 将人,愛知,50,75,A2,追,80.08,0.0,8.0,0,0,1,川口 聖翔,三重,36,100,A2,追,79.83,0.0,4.1,1,0
2026-03-11,豊橋,06,P1,豊橋競輪 レース詳細 | ＷＩＮＴＩＣＫＥＴ杯 6R Ａ級選抜 | 2026年03月11日【楽天Kドリームス】,400,1625,22:20,0,0,-,https://keirin.kdreams.jp/toyohashi/racedetail/4520260310020006/,45,選抜,P1,7,1,山崎 司,福島,42,95,A1,追,86.95,22.7,31.8,0,0,1,尾崎 悠生,埼玉,28,113,A2,逃,85.60,26.6,43.3,16,0,1,北村 貴幸,群馬,54,71,A2,追,83.57,5.2,5.2,0,0,1,中澤 央治,大阪,58,59,A1,追,83.16,10.0,13.3,0,0,1,鈴木 達也,福島,40,97,A2,追,81.05,5.8,11.7,0,0,1,関 敬,栃木,49,81,A2,追,81.05,0.0,5.5,0,0,1,藤井 孝則,兵庫,47,82,A2,追,78.66,0.0,14.8,0,0
2026-03-11,小松島,04,P2-A12,小松島競輪 レース詳細 | 日本名輪会カップ 吉田実記念杯 4R Ａ級準決勝 | 2026年03月11日【楽天Kドリームス】,400,2025,12:21,0,0,← 5先行 2追込 | 3自在 6追込 | 1押え先 4追込 7追込,https://keirin.kdreams.jp/komatsushima/racedetail/7320260310020004/,73,決勝,P2,7,1,小原 唯志,茨城,42,101,A1,逃,88.25,22.2,33.3,9,0,1,小林 信晴,愛知,47,83,A1,追,90.55,11.1,37.0,0,0,1,冨尾 享平,沖縄,40,101,A2,追,87.03,11.1,33.3,1,0,1,桐山 敬太郎,神奈川,43,88,A1,追,95.11,14.8,37.0,0,0,1,中武 三四郎,大阪,33,113,A1,逃,85.64,38.7,45.1,13,0,1,原田 礼,福岡,45,90,A2,追,81.96,15.3,19.2,0,0,1,中西 司,神奈川,44,95,A2,追,82.11,0.0,11.1,0,0
2026-03-11,小松島,10,P2-S,小松島競輪 レース詳細 | 日本名輪会カップ 吉田実記念杯 10R Ｓ級準決勝 | 2026年03月11日【楽天Kドリームス】,400,2025,15:09,0,0,← 7先行 1追込 3追込 | 2押え先 5追込 | 6押え先 4追込,https://keirin.kdreams.jp/komatsushima/racedetail/7320260310020010/,73,決勝,P2,7,1,中井 太祐,奈良,36,97,S1,両,107.06,32.2,41.9,1,0,1,伊藤 旭,熊本,25,117,S1,両,108.16,11.5,26.9,4,0,1,岡本 大嗣,東京,45,88,S2,追,100.00,22.2,33.3,0,3,1,川津 悠揮,北海道,37,96,S1,追,103.20,15.0,20.0,0,0,1,園田 匠,福岡,44,87,S1,追,109.13,16.6,33.3,0,0,1,上野 雅彦,香川,24,119,S2,逃,97.12,4.1,12.5,5,4,1,谷内 健太,京都,25,125,S2,逃,107.40,40.0,66.6,11,0
2026-03-11,武雄,04,P2-A12,武雄競輪 レース詳細 | ＣＴＣなら３分前まで買える杯 4R Ａ級特選 | 2026年03月11日【楽天Kドリームス】,400,2025,09:52,0,0,← 1自在 6追込 | 7押え先 2追込 | 3押え先 5追込 4追込,https://keirin.kdreams.jp/takeo/racedetail/8420260309030004/,84,特選,P2,7,1,柏木 伸介,静岡,46,84,A1,両,82.50,16.6,16.6,4,0,1,宮崎 康司,香川,37,94,A2,両,82.62,18.7,25.0,0,3,1,三澤 優樹,福島,26,127,A2,逃,85.16,83.3,83.3,12,0,1,近藤 寛央,東京,39,97,A1,追,86.61,11.1,22.2,0,0,1,寺沼 伊織,東京,28,115,A1,両,86.55,22.2,38.8,0,0,1,水書 義弘,千葉,52,75,A1,追,80.00,6.6,13.3,0,3,1,火島 裕輝,愛媛,22,123,A1,逃,88.21,26.3,36.8,4,0
2026-03-11,静岡,03,P2-Chal,静岡競輪 レース詳細 | ＣＴＣなら３分前まで買える杯 3R チャレンジ準決勝 | 2026年03月11日【楽天Kドリームス】,400,1625,16:52,0,0,← 7先行 1追込 | 2押え先 4追込 5追込 | 6押え先 3追込,https://keirin.kdreams.jp/shizuoka/racedetail/3820260310020003/,38,決勝,P2,7,1,田中 智也,静岡,53,74,A3,追,68.46,15.3,23.0,0,0,1,谷澤 優貴,三重,21,127,A3,逃,77.25,45.8,66.6,11,0,1,榊枝 輝文,福島,49,79,A3,追,74.00,17.2,31.0,0,0,1,中村 淳,栃木,54,69,A3,追,74.76,13.3,30.0,0,0,1,大澤 裕之,埼玉,53,71,A3,追,71.81,14.8,29.6,0,1,1,菅原 洋輔,岩手,44,98,A3,両,67.16,11.5,19.2,9,0,1,中 秀平,神奈川,27,127,A3,逃,73.16,22.2,44.4,10,3
2026-03-11,高知,04,P1,高知競輪 レース詳細 | おトクにＰＬＡＹオッズパーク杯 4R チャレンジ準決勝 | 2026年03月11日【楽天Kドリームス】,500,2025,21:50,0,0,-,https://keirin.kdreams.jp/kochi/racedetail/7420260310020004/,74,決勝,P1,7,1,安谷屋 将志,沖縄,37,96,A3,両,80.33,23.8,38.0,0,2,1,生野 優翔,大分,24,127,A3,逃,77.77,38.8,72.2,9,0,1,松根 真,東京,45,90,A3,追,75.14,11.1,33.3,1,0,1,市川 博章,静岡,49,80,A3,追,72.00,11.1,27.7,0,0,1,友永 龍介,山口,35,101,A3,逃,68.79,16.6,20.8,12,0,1,星野 京旺,新潟,26,127,A3,逃,67.56,11.7,11.7,5,0,1,浦野 慈生,神奈川,39,103,A3,両,65.54,0.0,4.0,0,0
2026-03-11,高知,07,P1,高知競輪 レース詳細 | おトクにＰＬＡＹオッズパーク杯 7R Ａ級準決勝 | 2026年03月11日【楽天Kドリームス】,500,2025,22:50,0,0,-,https://keirin.kdreams.jp/kochi/racedetail/7420260310020007/,74,決勝,P1,7,1,櫻木 雄太,福岡,25,123,A1,逃,94.16,55.5,77.7,9,0,1,磯川 勝裕,東京,31,113,A1,逃,91.18,27.2,54.5,2,0,1,木村 浩宣,香川,39,97,A1,逃,88.66,37.0,40.7,6,2,1,隅 直幸,山口,47,84,A1,追,86.71,4.7,38.0,0,0,1,安東 宏高,大分,43,90,A2,追,85.83,0.0,22.2,1,0,1,和田 禎嗣,埼玉,40,99,A1,追,85.66,14.8,33.3,0,0,1,田口 裕一,千葉,36,100,A1,追,85.40,7.4,22.2,0,0
2026-03-11,小松島,11,P2-S,小松島競輪 レース詳細 | 日本名輪会カップ 吉田実記念杯 11R Ｓ級準決勝 | 2026年03月11日【楽天Kドリームス】,400,2025,15:39,0,0,← 7先行 1追込 4追込 | 5押え先 2追込 3追込 6追込,https://keirin.kdreams.jp/komatsushima/racedetail/7320260310020011/,73,決勝,P2,7,1,石毛 克幸,千葉,49,84,S2,追,105.14,19.0,42.8,0,0,1,大川 龍二,広島,41,91,S1,両,106.21,21.7,39.1,0,0,1,森川 大輔,岐阜,38,92,S2,追,105.23,7.6,19.2,0,0,1,佐々木 雄一,福島,46,83,S1,追,103.58,24.1,31.0,0,0,1,渡口 勝成,山口,28,119,S2,逃,103.36,24.0,48.0,12,0,1,鈴木 伸之,愛知,45,87,S2,追,97.33,8.3,16.6,0,0,1,坂井 洋,栃木,31,115,S1,両,110.72,20.0,28.0,7,0
2026-03-11,いわき平,07,P2-S,いわき平競輪 レース詳細 | 名輪会Ｃ・阿部道杯・スポニチ杯 7R Ｓ級一般 | 2026年03月11日【楽天Kドリームス】,400,2025,18:16,0,0,← 5先行 7追込 1追込 | 2押え先 6追込 3追込 | 4追上,https://keirin.kdreams.jp/iwakitaira/racedetail/1320260309030007/,13,一般,P2,7,1,北野 武史,石川,53,78,S2,追,96.61,0.0,23.0,0,0,1,鈴木 涼介,福島,28,115,S2,逃,93.52,3.8,15.3,14,0,1,城 幸弘,山梨,40,96,S2,追,96.50,5.0,10.0,0,0,1,金子 真也,群馬,53,69,S2,追,93.94,0.0,5.8,0,0,1,石塚 輪太郎,和歌山,32,105,S1,逃,104.58,17.6,23.5,4,0,1,山本 恵介,福島,45,100,S2,両,91.08,0.0,0.0,0,0,1,清水 一幸,大阪,39,109,S2,追,101.72,7.6,11.5,0,0
2026-03-11,いわき平,08,P2-S,いわき平競輪 レース詳細 | 名輪会Ｃ・阿部道杯・スポニチ杯 8R Ｓ級特選 | 2026年03月11日【楽天Kドリームス】,400,2025,18:41,0,0,← 7先行 2追込 | 5押え先 1追込 | 3押え先 4追込 | 6自在,https://keirin.kdreams.jp/iwakitaira/racedetail/1320260309030008/,13,特選,P2,7,1,鷲田 佳史,福井,42,88,S2,追,96.45,3.0,18.1,0,0,1,神山 拓弥,栃木,39,91,S1,追,109.43,18.7,34.3,0,0,1,小川 三士郎,徳島,25,125,S2,逃,101.22,14.8,29.6,6,0,1,野崎 将史,岡山,39,109,S2,両,97.00,10.5,21.0,0,0,1,中西 大,和歌山,35,107,S2,逃,102.37,22.2,37.0,18,0,1,内藤 久文,愛知,34,117,S2,逃,93.65,4.3,17.3,9,0,1,塩島 嵩一朗,神奈川,26,125,S2,逃,101.59,21.7,43.4,11,0
2026-03-11,高知,09,P1,高知競輪 レース詳細 | おトクにＰＬＡＹオッズパーク杯 9R Ａ級準決勝 | 2026年03月11日【楽天Kドリームス】,500,2025,23:30,0,0,-,https://keirin.kdreams.jp/kochi/racedetail/7420260310020009/,74,決勝,P1,7,1,久樹 克門,徳島,34,113,A1,逃,94.35,41.1,64.7,0,0,1,坂田 章,高知,40,93,A1,追,93.19,23.8,47.6,0,0,1,山本 健也,千葉,44,89,A1,追,91.15,0.0,19.0,0,0,1,荻原 寿嗣,北海道,31,119,A2,逃,87.62,25.0,54.1,17,1,1,長松 大祐,大分,27,121,A1,逃,86.52,33.3,38.0,5,0,1,三木 健治,沖縄,50,73,A2,追,82.41,0.0,8.3,0,2,1,阿部 功,高知,42,93,A2,追,80.31,9.0,9.0,0,0
2026-03-11,静岡,07,P2-A12,静岡競輪 レース詳細 | ＣＴＣなら３分前まで買える杯 7R Ａ級特一般 | 2026年03月11日【楽天Kドリームス】,400,2025,18:28,0,0,← 7自在 2追込 | 6押え先 1追込 | 5押え先 3追込 | 4追上,https://keirin.kdreams.jp/shizuoka/racedetail/3820260310020007/,38,一般,P2,7,1,斯波 雅貴,静岡,56,64,A2,追,79.64,0.0,8.0,0,0,1,山田 祥明,岐阜,46,97,A1,追,85.50,15.3,23.0,0,0,1,本馬 鎌,福島,31,109,A2,両,78.57,4.7,9.5,1,0,1,豊田 一馬,群馬,51,73,A2,追,80.86,0.0,6.6,0,0,1,竹内 優也,北海道,45,89,A2,両,81.96,12.0,16.0,3,4,1,桜井 大地,静岡,32,111,A2,逃,78.05,5.8,23.5,7,3,1,猪俣 康一,愛知,49,99,A1,両,82.80,0.0,0.0,0,0
2026-03-11,豊橋,04,P1,豊橋競輪 レース詳細 | ＷＩＮＴＩＣＫＥＴ杯 4R Ａ級一般 | 2026年03月11日【楽天Kドリームス】,400,1625,21:40,0,0,-,https://keirin.kdreams.jp/toyohashi/racedetail/4520260310020004/,45,一般,P1,7,1,菊池 翔,福島,31,119,A1,逃,84.26,10.5,26.3,2,0,1,山崎 晃,石川,40,95,A2,両,82.06,6.6,23.3,10,0,1,臼井 昌巨,愛知,41,89,A2,両,81.80,0.0,15.3,0,0,1,坂木田 雄介,千葉,51,78,A2,逃,81.08,20.8,29.1,8,0,1,牛田 樹希斗,愛知,27,119,A2,逃,79.00,3.5,14.2,3,0,1,金田 健一郎,大阪,59,60,A2,追,76.50,0.0,0.0,0,0,1,大越 啓介,栃木,37,97,A2,追,75.45,9.6,19.3,5,0
2026-03-11,豊橋,03,P1,豊橋競輪 レース詳細 | ＷＩＮＴＩＣＫＥＴ杯 3R Ａ級一般 | 2026年03月11日【楽天Kドリームス】,400,1625,21:20,0,0,-,https://keirin.kdreams.jp/toyohashi/racedetail/4520260310020003/,45,一般,P1,6,1,大竹 哲也,静岡,45,93,A1,追,84.83,20.8,37.5,0,0,1,中川 貴史,三重,49,79,A2,追,84.45,20.0,20.0,0,0,1,阿久津 浩之,東京,42,94,A1,逃,82.80,16.1,35.4,14,0,1,倉野 隆太郎,三重,41,91,A2,追,82.22,0.0,11.1,0,0,1,三浦 靖,岐阜,61,53,A2,追,78.20,0.0,0.0,0,0,1,桜井 雄太,愛知,34,100,A2,逃,75.70,23.5,41.1,2,0,0,,,,,,,0,0,0,0,0
2026-03-11,いわき平,06,P2-S,いわき平競輪 レース詳細 | 名輪会Ｃ・阿部道杯・スポニチ杯 6R Ｓ級一般 | 2026年03月11日【楽天Kドリームス】,400,2025,17:52,0,0,← 3先行 7追込 1追込 | 2押え先 5追込 | 4追上 | 6追上,https://keirin.kdreams.jp/iwakitaira/racedetail/1320260309030006/,13,一般,P2,7,1,室井 健一,徳島,55,69,S2,追,97.43,4.3,4.3,0,0,1,金澤 竜二,福島,40,91,S2,両,92.62,0.0,6.8,6,0,1,牧田 悠生,新潟,26,123,S2,逃,94.61,4.7,9.5,6,0,1,守谷 陽介,岡山,45,87,S2,両,93.59,0.0,3.7,0,0,1,齋藤 登志信,宮城,53,80,S2,追,99.20,8.3,8.3,0,0,1,笹倉 慎也,富山,40,91,S2,追,91.73,0.0,0.0,0,0,1,朝倉 佳弘,東京,45,90,S1,追,99.70,10.0,20.0,0,0
2026-03-11,小松島,01,P2-A12,小松島競輪 レース詳細 | 日本名輪会カップ 吉田実記念杯 1R Ａ級一般 | 2026年03月11日【楽天Kドリームス】,400,2025,11:05,0,0,← 2自在 6追込 | 1押え先 7追込 | 5押え先 ( 3競り 4競り ),https://keirin.kdreams.jp/komatsushima/racedetail/7320260310020001/,73,一般,P2,7,1,大森 光明,北海道,26,117,A2,両,83.70,20.8,29.1,10,0,1,眞砂 英作,香川,30,121,A2,逃,83.54,0.0,25.0,14,0,1,日浅 保幸,岡山,48,84,A2,追,85.08,8.3,25.0,0,0,1,喜納 隆志,沖縄,42,92,A2,追,80.41,4.1,8.3,0,0,1,田上 晃也,岡山,28,115,A2,逃,89.75,25.0,50.0,4,2,1,小磯 知也,徳島,51,76,A2,追,79.30,0.0,15.3,0,3,1,神山 尚,栃木,34,109,A1,両,82.29,7.4,22.2,1,0
2026-03-11,小松島,08,P2-S,小松島競輪 レース詳細 | 日本名輪会カップ 吉田実記念杯 8R Ｓ級一般 | 2026年03月11日【楽天Kドリームス】,400,2025,14:12,0,0,← 5先行 1追込 3追込 | 4押え先 2追込 6追込,https://keirin.kdreams.jp/komatsushima/racedetail/7320260310020008/,73,一般,P2,6,1,岸澤 賢太,埼玉,39,91,S2,両,98.20,4.1,16.6,0,0,1,樫山 恭柄,福岡,39,92,S2,追,95.75,0.0,3.5,0,0,1,山本 奨,岡山,37,94,S2,両,100.64,8.0,28.0,2,0,1,橋本 宇宙,佐賀,26,123,S2,逃,96.09,4.7,14.2,8,0,1,野口 裕史,千葉,42,111,S1,逃,102.34,18.7,40.6,19,0,1,良永 浩一,福岡,47,86,S2,追,94.48,0.0,6.8,0,0,0,,,,,,,0,0,0,0,0
2026-03-11,いわき平,03,P2-A12,いわき平競輪 レース詳細 | 名輪会Ｃ・阿部道杯・スポニチ杯 3R Ａ級特選 | 2026年03月11日【楽天Kドリームス】,400,2025,16:40,0,0,← 6先行 1追込 | 5押え先 2追込 | 7押え先 3追込 | 4追上,https://keirin.kdreams.jp/iwakitaira/racedetail/1320260309030003/,13,特選,P2,7,1,山崎 充央,東京,51,79,A2,追,83.45,5.0,20.0,0,0,1,安東 英博,大分,45,87,A1,追,85.44,0.0,18.5,0,0,1,小野 裕次,千葉,37,95,A1,追,88.91,16.6,37.5,0,0,1,岩本 純,岡山,44,94,A1,両,83.86,8.6,17.3,0,0,1,枝村 弘樹,宮崎,26,123,A1,逃,83.23,9.5,14.2,7,0,1,相笠 翔太,福島,36,96,A2,両,81.81,7.4,18.5,4,0,1,松坂 侑亮,神奈川,27,115,A1,逃,88.12,16.6,41.6,18,0
2026-03-11,いわき平,09,P2-S,いわき平競輪 レース詳細 | 名輪会Ｃ・阿部道杯・スポニチ杯 9R Ｓ級特選 | 2026年03月11日【楽天Kドリームス】,400,2025,19:07,0,0,← 5自在 1追込 | 2押え先 7追込 | 6押え先 3追込 | 4自在,https://keirin.kdreams.jp/iwakitaira/racedetail/1320260309030009/,13,特選,P2,7,1,庄子 信弘,宮城,47,84,S2,追,97.84,5.2,15.7,0,0,1,一丸 尚伍,大分,34,121,S2,逃,101.52,47.3,63.1,7,0,1,東 龍之介,神奈川,36,96,S2,追,103.11,5.2,26.3,0,0,1,貴志 修己,和歌山,30,117,S2,逃,99.95,16.6,25.0,8,0,1,佐藤 一伸,福島,38,94,S1,両,106.75,28.0,52.0,2,0,1,村上 直久,神奈川,44,95,S2,両,96.36,5.2,10.5,3,0,1,三宅 達也,岡山,48,79,S1,追,104.73,19.2,34.6,0,4
2026-03-11,豊橋,02,P3,豊橋競輪 レース詳細 | ＷＩＮＴＩＣＫＥＴ杯 2R ガールズ予選２ | 2026年03月11日【楽天Kドリームス】,400,1625,21:00,0,0,-,https://keirin.kdreams.jp/toyohashi/racedetail/4520260310020002/,45,予選,P3,7,1,山原 さくら,山口,33,104,L1,両,57.15,89.4,94.7,10,1,1,高木 萌那,福岡,21,126,L1,逃,53.27,22.2,44.4,2,0,1,平子 結菜,三重,21,126,L1,両,50.60,14.2,32.1,4,0,1,渡口 まりあ,山口,31,114,L1,両,50.45,0.0,20.8,6,0,1,千葉 捺美,群馬,31,128,L1,両,49.30,7.6,15.3,2,0,1,川原 未紀,千葉,26,128,L1,両,47.66,4.1,4.1,3,2,1,山本 さくら,愛知,24,120,L1,両,45.70,0.0,0.0,3,0
2026-03-11,高知,02,P1,高知競輪 レース詳細 | おトクにＰＬＡＹオッズパーク杯 2R チャレンジ一般 | 2026年03月11日【楽天Kドリームス】,500,2025,21:10,0,0,-,https://keirin.kdreams.jp/kochi/racedetail/7420260310020002/,74,一般,P1,7,1,野見 泰要,岡山,43,101,A3,逃,72.15,30.0,50.0,28,0,1,門馬 琢麿,北海道,41,105,A3,逃,71.50,14.2,28.5,3,0,1,千澤 大輔,青森,38,95,A3,追,71.18,15.1,24.2,0,2,1,田口 守,山口,37,94,A3,両,69.52,8.6,30.4,4,0,1,長谷川 辰徳,埼玉,44,89,A3,追,68.20,4.1,25.0,0,0,1,三木 翔太,群馬,37,95,A3,両,66.80,0.0,15.0,1,0,1,藤原 義浩,徳島,53,76,A3,追,66.42,0.0,0.0,0,0
2026-03-11,武雄,01,P2-A12,武雄競輪 レース詳細 | ＣＴＣなら３分前まで買える杯 1R Ａ級一般 | 2026年03月11日【楽天Kドリームス】,400,2025,08:50,0,0,← 1先行 5追込 4追込 3追込 | 2追上 | 6自在,https://keirin.kdreams.jp/takeo/racedetail/8420260309030001/,84,一般,P2,6,1,平川 雅晃,長野,34,107,A2,逃,78.85,4.7,4.7,11,0,1,梶山 裕次郎,福岡,44,87,A2,追,80.53,0.0,11.5,0,0,1,土井 勲,岡山,51,82,A2,追,81.16,6.6,10.0,0,0,1,黒崎 直行,栃木,59,57,A2,追,78.72,0.0,0.0,0,0,1,井上 雄三,埼玉,43,88,A2,追,85.62,7.4,18.5,0,0,1,原 清孝,沖縄,48,98,A2,両,76.90,4.7,9.5,1,0,0,,,,,,,0,0,0,0,0
2026-03-11,小松島,06,P3,小松島競輪 レース詳細 | 日本名輪会カップ 吉田実記念杯 6R ガールズ予選２ | 2026年03月11日【楽天Kドリームス】,400,1625,13:16,0,0,← 5自在 | 6追上 | 1自在 | 4追上 | 2自在 | 3自在 | 7自在,https://keirin.kdreams.jp/komatsushima/racedetail/7320260310020006/,73,予選,P3,7,1,豊田 美香,徳島,30,126,L1,両,51.91,8.3,33.3,2,0,1,細田 愛未,埼玉,30,108,L1,両,53.44,22.2,55.5,6,0,1,宮地 寧々,岐阜,30,110,L1,両,50.71,4.7,19.0,1,0,1,鈴木 彩夏,東京,30,110,L1,追,49.82,0.0,16.6,0,0,1,宇野 紅音,岐阜,22,124,L1,両,53.55,11.1,44.4,3,0,1,大和 久保美,青森,34,102,L1,追,45.28,0.0,4.7,0,2,1,星野 しほ,東京,25,124,L1,追,46.44,0.0,0.0,0,0
2026-03-11,静岡,06,P3,静岡競輪 レース詳細 | ＣＴＣなら３分前まで買える杯 6R ガールズ予選２ | 2026年03月11日【楽天Kドリームス】,400,1625,18:04,0,0,← 2イン待 | 4追上 | 3押え先 | 1自在 | 5押え先 | 6自在 | 7自在,https://keirin.kdreams.jp/shizuoka/racedetail/3820260310020006/,38,予選,P3,7,1,戸田 瑞姫,茨城,23,122,L1,両,52.23,4.7,23.8,1,1,1,向井 円,大阪,32,114,L1,追,47.38,0.0,0.0,0,0,1,畠山 ひすい,神奈川,23,122,L1,逃,52.94,27.7,50.0,10,0,1,出口 倫子,長崎,29,116,L1,追,47.55,0.0,5.0,0,0,1,梅川 風子,東京,35,112,L1,逃,57.42,92.8,92.8,13,0,1,藤原 春陽,徳島,23,122,L1,両,50.56,0.0,8.6,2,0,1,羽田野 愛花,大分,24,124,L1,追,45.66,0.0,0.0,0,0
2026-03-11,宇都宮,05,P3,宇都宮競輪 レース詳細 | 下野新聞社杯 5R ガールズ予選２ | 2026年03月11日【楽天Kドリームス】,400,1625,13:00,0,0,← 5自在 | 4自在 | 2追上 | 1自在 | 7自在 | 6自在 | 3追上,https://keirin.kdreams.jp/utsunomiya/racedetail/2420260309020105/,24,予選,P3,7,1,金田 舞夏,福岡,23,124,L1,両,47.23,0.0,15.3,1,0,1,青木 美優,栃木,31,106,L1,追,48.38,0.0,9.5,1,0,1,木下 宙,大阪,23,124,L1,両,43.55,0.0,0.0,0,1,1,下条 未悠,富山,25,118,L1,両,52.00,19.0,28.5,8,0,1,野寺 楓,静岡,27,122,L1,追,49.08,0.0,16.6,0,0,1,中野 咲,愛知,29,110,L1,両,51.40,7.1,28.5,2,0,1,熊谷 芽緯,岩手,22,124,L1,逃,55.41,54.1,75.0,17,0
2026-03-11,豊橋,01,P3,豊橋競輪 レース詳細 | ＷＩＮＴＩＣＫＥＴ杯 1R ガールズ予選２ | 2026年03月11日【楽天Kドリームス】,400,1625,20:40,0,0,-,https://keirin.kdreams.jp/toyohashi/racedetail/4520260310020001/,45,予選,P3,7,1,西島 叶子,熊本,31,118,L1,両,53.67,32.1,46.4,5,0,1,寺崎 舞織,福井,28,112,L1,両,52.22,11.1,33.3,2,0,1,石井 貴子,東京,38,104,L1,逃,51.55,11.1,33.3,8,0,1,當銘 沙恵美,愛知,27,118,L1,両,51.54,4.1,25.0,3,0,1,片岡 美奈,栃木,27,126,L1,両,48.44,7.4,22.2,0,2,1,今西 瑠花,大阪,23,128,L1,両,47.91,12.5,25.0,4,0,1,伊藤 のぞみ,北海道,38,116,L1,追,47.22,0.0,11.1,1,7
2026-03-11,高知,01,P1,高知競輪 レース詳細 | おトクにＰＬＡＹオッズパーク杯 1R チャレンジ一般 | 2026年03月11日【楽天Kドリームス】,500,2025,20:50,0,0,-,https://keirin.kdreams.jp/kochi/racedetail/7420260310020001/,74,一般,P1,6,1,横田 政直,群馬,39,103,A3,逃,71.37,3.7,14.8,9,0,1,楠本 政明,福岡,30,123,A3,逃,69.88,19.2,42.3,8,0,1,高橋 由記,群馬,46,88,A3,追,69.00,11.1,22.2,0,0,1,佐藤 康恭,福島,39,94,A3,両,68.50,0.0,14.2,4,0,1,仙石 淳,沖縄,53,73,A3,追,68.47,0.0,13.0,0,0,1,畠山 裕行,神奈川,48,82,A3,追,65.70,7.4,18.5,0,0,0,,,,,,,0,0,0,0,0
2026-03-11,高知,05,P1,高知競輪 レース詳細 | おトクにＰＬＡＹオッズパーク杯 5R Ａ級特一般 | 2026年03月11日【楽天Kドリームス】,500,2025,22:10,0,0,-,https://keirin.kdreams.jp/kochi/racedetail/7420260310020005/,74,一般,P1,7,1,八尋 翔平,福岡,39,93,A2,追,83.55,11.1,22.2,0,0,1,日当 泰之,青森,38,92,A2,両,81.95,8.3,20.8,8,0,1,久保 光司,佐賀,28,119,A2,逃,81.13,10.3,24.1,15,0,1,女屋 文伸,埼玉,48,83,A2,追,80.27,0.0,0.0,0,0,1,阿部 宏之,宮城,50,82,A2,追,80.26,0.0,10.5,0,0,1,宮道 良輔,徳島,22,123,A2,逃,78.00,0.0,4.1,3,0,1,表原 周,徳島,34,100,A1,追,0.00,0.0,0.0,0,0
2026-03-11,武雄,05,P2-A12,武雄競輪 レース詳細 | ＣＴＣなら３分前まで買える杯 5R Ａ級特選 | 2026年03月11日【楽天Kドリームス】,400,2025,10:13,0,0,← 6先行 1追込 | 7押え先 2追込 4追込 | 5押え先 3追込,https://keirin.kdreams.jp/takeo/racedetail/8420260309030005/,84,特選,P2,7,1,奥村 諭志,岡山,32,111,A1,両,88.60,13.3,20.0,1,0,1,高木 竜司,熊本,49,82,A1,追,87.25,0.0,16.6,0,0,1,星野 辰也,栃木,40,95,A1,追,87.83,25.0,37.5,0,0,1,長野 和弘,福岡,49,82,A2,追,81.77,4.5,9.0,0,0,1,吉田 晏生,埼玉,26,123,A1,逃,85.04,28.5,38.0,15,0,1,原田 峻治,山口,31,125,A2,逃,80.44,16.6,38.8,10,3,1,高橋 幸司,沖縄,37,99,A2,逃,89.54,33.3,45.8,8,0
